PAGE,ATTRIBUTE VALUE
https://www.fxstreet.com/cryptocurrencies/news/largest-difficulty-drop-since-july-2021-five-things-to-know-in-bitcoin-this-week-202205230838 , https://editorial.fxstreet.com/images/Resources/Discover/Discover-11.2_Large.jpg
https://www.fxstreet.com/cryptocurrencies/news/interest-in-ethereum-name-service-reaching-critical-mass-202205230428 , https://editorial.fxstreet.com/images/Resources/Discover/Discover-11.2_Large.jpg
https://www.fxstreet.com/cryptocurrencies/news/interest-in-ethereum-name-service-reaching-critical-mass-202205230428 , https://editorial.fxstreet.com/images/Resources/Discover/Discover-11.2_Large.jpg
https://www.fxstreet.com/cryptocurrencies/news/cardano-whales-enter-buying-spree-before-the-vasil-hard-fork-202205230919,https://editorial.fxstreet.com/images/Resources/Discover/Discover-11.2_Large.jpg
https://www.fxstreet.com/cryptocurrencies/news/cardano-whales-enter-buying-spree-before-the-vasil-hard-fork-202205230919,https://editorial.fxstreet.com/images/Resources/Discover/Discover-11.2_Large.jpg
https://www.fxstreet.com/cryptocurrencies/news/cardano-price-forms-a-local-top-before-brutal-correction-202205201415,https://editorial.fxstreet.com/images/Resources/Discover/Discover-11.2_Large.jpg
https://www.fxstreet.com/cryptocurrencies/news/cardano-price-forms-a-local-top-before-brutal-correction-202205201415,https://editorial.fxstreet.com/images/Resources/Discover/Discover-11.2_Large.jpg
https://www.fxstreet.com/cryptocurrencies/news/why-xrp-cardano-solana-and-dogecoin-could-be-about-to-flash-crash-202205191741,https://editorial.fxstreet.com/images/Resources/Discover/Discover-11.2_Large.jpg
https://www.fxstreet.com/cryptocurrencies/news/why-xrp-cardano-solana-and-dogecoin-could-be-about-to-flash-crash-202205191741,https://editorial.fxstreet.com/images/Resources/Discover/Discover-11.2_Large.jpg
https://www.fxstreet.com/cryptocurrencies/news/can-terras-luna-recover-and-reach-120-again-202205161227,https://editorial.fxstreet.com/images/Resources/Discover/Discover-11.2_Large.jpg
https://www.fxstreet.com/cryptocurrencies/news/can-terras-luna-recover-and-reach-120-again-202205161227,https://editorial.fxstreet.com/images/Resources/Discover/Discover-11.2_Large.jpg
https://www.fxstreet.com/cryptocurrencies/news/binance-delists-luna-while-terra-proposes-token-burn-to-save-ust-202205121308,https://editorial.fxstreet.com/images/Resources/Discover/Discover-11.2_Large.jpg
https://www.fxstreet.com/cryptocurrencies/news/binance-delists-luna-while-terra-proposes-token-burn-to-save-ust-202205121308,https://editorial.fxstreet.com/images/Resources/Discover/Discover-11.2_Large.jpg
https://www.fxstreet.com/cryptocurrencies/news/binance-halts-terras-luna-and-ust-withdrawals-after-brutal-crash-202205100751,https://editorial.fxstreet.com/images/Resources/Discover/Discover-11.2_Large.jpg
https://www.fxstreet.com/cryptocurrencies/news/binance-halts-terras-luna-and-ust-withdrawals-after-brutal-crash-202205100751,https://editorial.fxstreet.com/images/Resources/Discover/Discover-11.2_Large.jpg
https://www.fxstreet.com/cryptocurrencies/news/avalanche-price-targets-100-after-terra-buys-200-million-in-avax-202204080918,https://editorial.fxstreet.com/images/Resources/Discover/Discover-11.2_Large.jpg
https://www.fxstreet.com/cryptocurrencies/news/avalanche-price-targets-100-after-terra-buys-200-million-in-avax-202204080918,https://editorial.fxstreet.com/images/Resources/Discover/Discover-11.2_Large.jpg
https://www.fxstreet.com/cryptocurrencies/news/terras-bitcoin-buying-spree-raises-concerns-spelling-trouble-for-luna-price-202204121223,https://editorial.fxstreet.com/images/Resources/Discover/Discover-11.2_Large.jpg
https://www.fxstreet.com/cryptocurrencies/news/terras-bitcoin-buying-spree-raises-concerns-spelling-trouble-for-luna-price-202204121223,https://editorial.fxstreet.com/images/Resources/Discover/Discover-11.2_Large.jpg
https://www.fxstreet.com/cryptocurrencies/news/avalanche-based-dex-adopts-terras-ust-as-stablecoin-luna-price-breaks-into-rally-202202042100,https://editorial.fxstreet.com/images/Resources/Discover/Discover-11.2_Large.jpg
https://www.fxstreet.com/cryptocurrencies/news/avalanche-based-dex-adopts-terras-ust-as-stablecoin-luna-price-breaks-into-rally-202202042100,https://editorial.fxstreet.com/images/Resources/Discover/Discover-11.2_Large.jpg
https://www.fxstreet.com/cryptocurrencies/news/experts-believe-that-layer-1-solutions-matic-solana-and-terra-could-outperform-ethereum-202112261232,https://editorial.fxstreet.com/images/Resources/Discover/Discover-11.2_Large.jpg
https://www.fxstreet.com/cryptocurrencies/news/experts-believe-that-layer-1-solutions-matic-solana-and-terra-could-outperform-ethereum-202112261232,https://editorial.fxstreet.com/images/Resources/Discover/Discover-11.2_Large.jpg
https://www.fxstreet.com/cryptocurrencies/news/senator-cynthia-lummis-reveals-plans-for-a-cryptocurrency-overhaul-in-2022-202112251500,https://editorial.fxstreet.com/images/Resources/Discover/Discover-11.2_Large.jpg
https://www.fxstreet.com/cryptocurrencies/news/senator-cynthia-lummis-reveals-plans-for-a-cryptocurrency-overhaul-in-2022-202112251500,https://editorial.fxstreet.com/images/Resources/Discover/Discover-11.2_Large.jpg
https://www.fxstreet.com/cryptocurrencies/news/terras-luna-scales-new-heights-hits-new-all-time-high-above-100-202112241840,https://editorial.fxstreet.com/images/Resources/Discover/Discover-11.2_Large.jpg
https://www.fxstreet.com/cryptocurrencies/news/terras-luna-scales-new-heights-hits-new-all-time-high-above-100-202112241840,https://editorial.fxstreet.com/images/Resources/Discover/Discover-11.2_Large.jpg
https://www.fxstreet.com/cryptocurrencies/news/terras-luna-price-explodes-hits-new-all-time-high-amidst-legal-spat-with-sec-202112211218,https://editorial.fxstreet.com/images/Resources/Discover/Discover-11.2_Large.jpg
https://www.fxstreet.com/cryptocurrencies/news/terras-luna-price-explodes-hits-new-all-time-high-amidst-legal-spat-with-sec-202112211218,https://editorial.fxstreet.com/images/Resources/Discover/Discover-11.2_Large.jpg
https://www.fxstreet.com/cryptocurrencies/news/terra-hits-new-record-in-total-value-locked-ahead-of-10-of-luna-supply-burn-202110221035,https://editorial.fxstreet.com/images/Resources/Discover/Discover-11.2_Large.jpg
https://www.fxstreet.com/cryptocurrencies/news/terra-hits-new-record-in-total-value-locked-ahead-of-10-of-luna-supply-burn-202110221035,https://editorial.fxstreet.com/images/Resources/Discover/Discover-11.2_Large.jpg
https://www.fxstreet.com/cryptocurrencies/news/analysts-recommend-booking-profits-in-btc-as-cardano-solana-and-terra-lead-new-alt-season-202108310854,https://editorial.fxstreet.com/images/Resources/Discover/Discover-11.2_Large.jpg
https://www.fxstreet.com/cryptocurrencies/news/analysts-recommend-booking-profits-in-btc-as-cardano-solana-and-terra-lead-new-alt-season-202108310854,https://editorial.fxstreet.com/images/Resources/Discover/Discover-11.2_Large.jpg
https://www.fxstreet.com/cryptocurrencies/news/bitcoin-and-ethereum-holders-rush-to-book-profits-before-catastrophic-price-crash-202108271733,https://editorial.fxstreet.com/images/Resources/Discover/Discover-11.2_Large.jpg
https://www.fxstreet.com/cryptocurrencies/news/bitcoin-and-ethereum-holders-rush-to-book-profits-before-catastrophic-price-crash-202108271733,https://editorial.fxstreet.com/images/Resources/Discover/Discover-11.2_Large.jpg
https://www.fxstreet.com/cryptocurrencies/news/bitcoin-scalability-skyrockets-as-lightning-network-nodes-surpass-25-371-202108231351,https://editorial.fxstreet.com/images/Resources/Discover/Discover-11.2_Large.jpg
https://www.fxstreet.com/cryptocurrencies/news/bitcoin-scalability-skyrockets-as-lightning-network-nodes-surpass-25-371-202108231351,https://editorial.fxstreet.com/images/Resources/Discover/Discover-11.2_Large.jpg
https://www.fxstreet.com/cryptocurrencies/news/bitcoin-on-longest-weekly-winning-run-in-9-months-ahead-of-jackson-hole-symposium-202108231234,https://editorial.fxstreet.com/images/Resources/Discover/Discover-11.2_Large.jpg
https://www.fxstreet.com/cryptocurrencies/news/bitcoin-on-longest-weekly-winning-run-in-9-months-ahead-of-jackson-hole-symposium-202108231234,https://editorial.fxstreet.com/images/Resources/Discover/Discover-11.2_Large.jpg
https://www.fxstreet.com/cryptocurrencies/news/nodes-on-bitcoins-lightning-network-double-in-three-months-202107150632,https://editorial.fxstreet.com/images/Resources/Discover/Discover-11.2_Large.jpg
https://www.fxstreet.com/cryptocurrencies/news/nodes-on-bitcoins-lightning-network-double-in-three-months-202107150632,https://editorial.fxstreet.com/images/Resources/Discover/Discover-11.2_Large.jpg
https://www.fxstreet.com/cryptocurrencies/news/elon-musk-says-lightning-network-needed-to-scale-bitcoin-for-now-202105211109,https://editorial.fxstreet.com/images/Resources/Discover/Discover-11.2_Large.jpg
https://www.fxstreet.com/cryptocurrencies/news/elon-musk-says-lightning-network-needed-to-scale-bitcoin-for-now-202105211109,https://editorial.fxstreet.com/images/Resources/Discover/Discover-11.2_Large.jpg
https://www.fxstreet.com/cryptocurrencies/news/triple-halving-author-says-ethereum-will-reach-150-000-202108201703,https://editorial.fxstreet.com/images/Resources/Discover/Discover-11.2_Large.jpg
https://www.fxstreet.com/cryptocurrencies/news/triple-halving-author-says-ethereum-will-reach-150-000-202108201703,https://editorial.fxstreet.com/images/Resources/Discover/Discover-11.2_Large.jpg
https://www.fxstreet.com/cryptocurrencies/news/cryptocurrencies-price-prediction-bitcoin-terra-and-ethereum-european-wrap-19-august-202108191334,https://editorial.fxstreet.com/images/Resources/Discover/Discover-11.2_Large.jpg
https://www.fxstreet.com/cryptocurrencies/news/cryptocurrencies-price-prediction-bitcoin-terra-and-ethereum-european-wrap-19-august-202108191334,https://editorial.fxstreet.com/images/Resources/Discover/Discover-11.2_Large.jpg
https://www.fxstreet.com/cryptocurrencies/news/ethereum-price-prediction-eth-prepares-for-dip-to-2-800-202108190616,https://editorial.fxstreet.com/images/Resources/Discover/Discover-11.2_Large.jpg
https://www.fxstreet.com/cryptocurrencies/news/ethereum-price-prediction-eth-prepares-for-dip-to-2-800-202108190616,https://editorial.fxstreet.com/images/Resources/Discover/Discover-11.2_Large.jpg
https://www.fxstreet.com/cryptocurrencies/news/ethereum-kick-starts-new-deflationary-era-as-eth-price-looks-to-retest-4-000-202108180911,https://editorial.fxstreet.com/images/Resources/Discover/Discover-11.2_Large.jpg
https://www.fxstreet.com/cryptocurrencies/news/ethereum-kick-starts-new-deflationary-era-as-eth-price-looks-to-retest-4-000-202108180911,https://editorial.fxstreet.com/images/Resources/Discover/Discover-11.2_Large.jpg
https://www.fxstreet.com/cryptocurrencies/news/ethereum-price-must-conquer-this-supply-zone-so-eth-can-rise-to-4-000-202108171436,https://editorial.fxstreet.com/images/Resources/Discover/Discover-11.2_Large.jpg
https://www.fxstreet.com/cryptocurrencies/news/ethereum-price-must-conquer-this-supply-zone-so-eth-can-rise-to-4-000-202108171436,https://editorial.fxstreet.com/images/Resources/Discover/Discover-11.2_Large.jpg
https://www.fxstreet.com/cryptocurrencies/news/top-3-price-prediction-bitcoin-ethereum-ripple-btc-and-eth-to-correct-10-as-ripple-reaches-escape-velocity-202108161737,https://editorial.fxstreet.com/images/Resources/Discover/Discover-11.2_Large.jpg
https://www.fxstreet.com/cryptocurrencies/news/top-3-price-prediction-bitcoin-ethereum-ripple-btc-and-eth-to-correct-10-as-ripple-reaches-escape-velocity-202108161737,https://editorial.fxstreet.com/images/Resources/Discover/Discover-11.2_Large.jpg
https://www.fxstreet.com/cryptocurrencies/news/top-3-price-prediction-bitcoin-ethereum-ripple-ecb-fires-up-cryptocurrencies-202204211230,https://editorial.fxstreet.com/images/Resources/Discover/Discover-11.2_Large.jpg
https://www.fxstreet.com/cryptocurrencies/news/top-3-price-prediction-bitcoin-ethereum-ripple-ecb-fires-up-cryptocurrencies-202204211230,https://editorial.fxstreet.com/images/Resources/Discover/Discover-11.2_Large.jpg
https://www.fxstreet.com/cryptocurrencies/news/xrp-price-to-jump-back-above-082-202204182314,https://editorial.fxstreet.com/images/Resources/Discover/Discover-11.2_Large.jpg
https://www.fxstreet.com/cryptocurrencies/news/xrp-price-to-jump-back-above-082-202204182314,https://editorial.fxstreet.com/images/Resources/Discover/Discover-11.2_Large.jpg
https://www.fxstreet.com/cryptocurrencies/news/xrp-price-is-setting-up-for-another-selloff-to-070-202204042250,https://editorial.fxstreet.com/images/Resources/Discover/Discover-11.2_Large.jpg
https://www.fxstreet.com/cryptocurrencies/news/xrp-price-is-setting-up-for-another-selloff-to-070-202204042250,https://editorial.fxstreet.com/images/Resources/Discover/Discover-11.2_Large.jpg
https://www.fxstreet.com/cryptocurrencies/news/xrp-price-prediction-ripple-bound-for-a-34-breakout-202203191230,https://editorial.fxstreet.com/images/Resources/Discover/Discover-11.2_Large.jpg
https://www.fxstreet.com/cryptocurrencies/news/xrp-price-prediction-ripple-bound-for-a-34-breakout-202203191230,https://editorial.fxstreet.com/images/Resources/Discover/Discover-11.2_Large.jpg
https://www.fxstreet.com/cryptocurrencies/news/xrp-price-forms-bull-trap-before-16-correction-202203151522,https://editorial.fxstreet.com/images/Resources/Discover/Discover-11.2_Large.jpg
https://www.fxstreet.com/cryptocurrencies/news/xrp-price-forms-bull-trap-before-16-correction-202203151522,https://editorial.fxstreet.com/images/Resources/Discover/Discover-11.2_Large.jpg
https://www.fxstreet.com/cryptocurrencies/news/ripple-price-climbs-as-the-payment-giant-welcomes-4000-applicants-to-250-million-nft-fund-202203121118,https://editorial.fxstreet.com/images/Resources/Discover/Discover-11.2_Large.jpg
https://www.fxstreet.com/cryptocurrencies/news/ripple-price-climbs-as-the-payment-giant-welcomes-4000-applicants-to-250-million-nft-fund-202203121118,https://editorial.fxstreet.com/images/Resources/Discover/Discover-11.2_Large.jpg
https://www.fxstreet.com/cryptocurrencies/news/xrp-price-surges-as-investors-turn-bullish-on-potential-sec-vs-ripple-settlement-202203092006,https://editorial.fxstreet.com/images/Resources/Discover/Discover-11.2_Large.jpg
https://www.fxstreet.com/cryptocurrencies/news/xrp-price-surges-as-investors-turn-bullish-on-potential-sec-vs-ripple-settlement-202203092006,https://editorial.fxstreet.com/images/Resources/Discover/Discover-11.2_Large.jpg
https://www.fxstreet.com/cryptocurrencies/news/ripple-reveals-strategy-to-fight-secs-delay-tactics-xrp-price-struggles-to-recover-202202240842,https://editorial.fxstreet.com/images/Resources/Discover/Discover-11.2_Large.jpg
https://www.fxstreet.com/cryptocurrencies/news/ripple-reveals-strategy-to-fight-secs-delay-tactics-xrp-price-struggles-to-recover-202202240842,https://editorial.fxstreet.com/images/Resources/Discover/Discover-11.2_Large.jpg
https://www.fxstreet.com/cryptocurrencies/news/lawyers-state-ripple-is-giving-sec-more-trouble-than-anyone-in-crypto-including-elon-musk-202201180553,https://editorial.fxstreet.com/images/Resources/Discover/Discover-11.2_Large.jpg
https://www.fxstreet.com/cryptocurrencies/news/lawyers-state-ripple-is-giving-sec-more-trouble-than-anyone-in-crypto-including-elon-musk-202201180553,https://editorial.fxstreet.com/images/Resources/Discover/Discover-11.2_Large.jpg
https://www.fxstreet.com/cryptocurrencies/news/ripple-price-climbs-higher-as-the-payments-giant-opposes-secs-fair-notice-defence-202201111900,https://editorial.fxstreet.com/images/Resources/Discover/Discover-11.2_Large.jpg
https://www.fxstreet.com/cryptocurrencies/news/ripple-price-climbs-higher-as-the-payments-giant-opposes-secs-fair-notice-defence-202201111900,https://editorial.fxstreet.com/images/Resources/Discover/Discover-11.2_Large.jpg
https://www.fxstreet.com/cryptocurrencies/news/ripple-flows-out-of-exchanges-as-bitcoin-and-ethereum-inflow-spikes-202112301007,https://editorial.fxstreet.com/images/Resources/Discover/Discover-11.2_Large.jpg
https://www.fxstreet.com/cryptocurrencies/news/ripple-flows-out-of-exchanges-as-bitcoin-and-ethereum-inflow-spikes-202112301007,https://editorial.fxstreet.com/images/Resources/Discover/Discover-11.2_Large.jpg
https://www.fxstreet.com/cryptocurrencies/news/ripple-long-term-investors-bet-on-xrp-expect-bias-lawsuit-against-sec-to-succeed-202112210859,https://editorial.fxstreet.com/images/Resources/Discover/Discover-11.2_Large.jpg
https://www.fxstreet.com/cryptocurrencies/news/ripple-long-term-investors-bet-on-xrp-expect-bias-lawsuit-against-sec-to-succeed-202112210859,https://editorial.fxstreet.com/images/Resources/Discover/Discover-11.2_Large.jpg
https://www.fxstreet.com/cryptocurrencies/news/top-3-price-prediction-bitcoin-ethereum-ripple-cryptos-ready-for-christmas-rally-202112161501,https://editorial.fxstreet.com/images/Resources/Discover/Discover-11.2_Large.jpg
https://www.fxstreet.com/cryptocurrencies/news/top-3-price-prediction-bitcoin-ethereum-ripple-cryptos-ready-for-christmas-rally-202112161501,https://editorial.fxstreet.com/images/Resources/Discover/Discover-11.2_Large.jpg
https://www.fxstreet.com/cryptocurrencies/news/xrp-price-to-face-rejection-and-dip-lower-202112141733,https://editorial.fxstreet.com/images/Resources/Discover/Discover-11.2_Large.jpg
https://www.fxstreet.com/cryptocurrencies/news/xrp-price-to-face-rejection-and-dip-lower-202112141733,https://editorial.fxstreet.com/images/Resources/Discover/Discover-11.2_Large.jpg
https://www.fxstreet.com/cryptocurrencies/news/xrp-price-doomed-to-fall-38-if-ripple-bulls-fail-to-hold-above-080-202112110244,https://editorial.fxstreet.com/images/Resources/Discover/Discover-11.2_Large.jpg
https://www.fxstreet.com/cryptocurrencies/news/xrp-price-doomed-to-fall-38-if-ripple-bulls-fail-to-hold-above-080-202112110244,https://editorial.fxstreet.com/images/Resources/Discover/Discover-11.2_Large.jpg
https://www.fxstreet.com/cryptocurrencies/news/xrp-price-embarks-on-a-30-upswing-as-ripple-bulls-make-a-comeback-202112070306,https://editorial.fxstreet.com/images/Resources/Discover/Discover-11.2_Large.jpg
https://www.fxstreet.com/cryptocurrencies/news/xrp-price-embarks-on-a-30-upswing-as-ripple-bulls-make-a-comeback-202112070306,https://editorial.fxstreet.com/images/Resources/Discover/Discover-11.2_Large.jpg
https://www.fxstreet.com/cryptocurrencies/news/xrp-price-prediction-ripple-under-pressure-struggling-to-crack-1-202111301309,https://editorial.fxstreet.com/images/Resources/Discover/Discover-11.2_Large.jpg
https://www.fxstreet.com/cryptocurrencies/news/xrp-price-prediction-ripple-under-pressure-struggling-to-crack-1-202111301309,https://editorial.fxstreet.com/images/Resources/Discover/Discover-11.2_Large.jpg
https://www.fxstreet.com/cryptocurrencies/news/xrp-price-consolidates-as-ripple-bulls-eye-a-15-run-up-202111260519,https://editorial.fxstreet.com/images/Resources/Discover/Discover-11.2_Large.jpg
https://www.fxstreet.com/cryptocurrencies/news/xrp-price-consolidates-as-ripple-bulls-eye-a-15-run-up-202111260519,https://editorial.fxstreet.com/images/Resources/Discover/Discover-11.2_Large.jpg
https://www.fxstreet.com/cryptocurrencies/news/xrp-to-drop-by-15-if-ripple-bears-push-prices-below-1-202111231459,https://editorial.fxstreet.com/images/Resources/Discover/Discover-11.2_Large.jpg
https://www.fxstreet.com/cryptocurrencies/news/xrp-to-drop-by-15-if-ripple-bears-push-prices-below-1-202111231459,https://editorial.fxstreet.com/images/Resources/Discover/Discover-11.2_Large.jpg
https://www.fxstreet.com/cryptocurrencies/news/top-3-price-prediction-bitcoin-ethereum-xrp-crypto-markets-look-for-a-floor-as-risks-remain-202111191754,https://editorial.fxstreet.com/images/Resources/Discover/Discover-11.2_Large.jpg
https://www.fxstreet.com/cryptocurrencies/news/top-3-price-prediction-bitcoin-ethereum-xrp-crypto-markets-look-for-a-floor-as-risks-remain-202111191754,https://editorial.fxstreet.com/images/Resources/Discover/Discover-11.2_Large.jpg
https://www.fxstreet.com/cryptocurrencies/news/analysts-believe-xrp-and-ethereum-are-on-the-same-side-in-sec-v-ripple-case-202111171448,https://editorial.fxstreet.com/images/Resources/Discover/Discover-11.2_Large.jpg
https://www.fxstreet.com/cryptocurrencies/news/analysts-believe-xrp-and-ethereum-are-on-the-same-side-in-sec-v-ripple-case-202111171448,https://editorial.fxstreet.com/images/Resources/Discover/Discover-11.2_Large.jpg
https://www.fxstreet.com/cryptocurrencies/news/ethereum-name-service-price-skyrockets-overnight-after-governance-token-airdrop-202111101450,https://editorial.fxstreet.com/images/Resources/Discover/Discover-11.2_Large.jpg
https://www.fxstreet.com/cryptocurrencies/news/ethereum-name-service-price-skyrockets-overnight-after-governance-token-airdrop-202111101450,https://editorial.fxstreet.com/images/Resources/Discover/Discover-11.2_Large.jpg
https://www.fxstreet.com/cryptocurrencies/news/crypto-bears-slaughtered-as-bitcoin-and-ethereum-hit-new-all-time-highs-202111081123,https://editorial.fxstreet.com/images/Resources/Discover/Discover-11.2_Large.jpg
https://www.fxstreet.com/cryptocurrencies/news/crypto-bears-slaughtered-as-bitcoin-and-ethereum-hit-new-all-time-highs-202111081123,https://editorial.fxstreet.com/images/Resources/Discover/Discover-11.2_Large.jpg
https://www.fxstreet.com/cryptocurrencies/news/bitcoin-has-one-barrier-to-clear-before-btc-price-rallies-to-new-all-time-high-202111051719,https://editorial.fxstreet.com/images/Resources/Discover/Discover-11.2_Large.jpg
https://www.fxstreet.com/cryptocurrencies/news/bitcoin-has-one-barrier-to-clear-before-btc-price-rallies-to-new-all-time-high-202111051719,https://editorial.fxstreet.com/images/Resources/Discover/Discover-11.2_Large.jpg
https://www.fxstreet.com/cryptocurrencies/news/australian-regulators-to-approve-bitcoin-etfs-pushing-btc-price-higher-202110291543,https://editorial.fxstreet.com/images/Resources/Discover/Discover-11.2_Large.jpg
https://www.fxstreet.com/cryptocurrencies/news/australian-regulators-to-approve-bitcoin-etfs-pushing-btc-price-higher-202110291543,https://editorial.fxstreet.com/images/Resources/Discover/Discover-11.2_Large.jpg
https://www.fxstreet.com/cryptocurrencies/news/us-now-holds-over-35-of-btc-hash-rate-while-regulators-debate-bitcoin-etf-202110131629,https://editorial.fxstreet.com/images/Resources/Discover/Discover-11.2_Large.jpg
https://www.fxstreet.com/cryptocurrencies/news/us-now-holds-over-35-of-btc-hash-rate-while-regulators-debate-bitcoin-etf-202110131629,https://editorial.fxstreet.com/images/Resources/Discover/Discover-11.2_Large.jpg
https://www.fxstreet.com/cryptocurrencies/news/bitcoin-search-interest-nears-1-year-lows-as-btc-price-slips-below-55k-202110131158,https://editorial.fxstreet.com/images/Resources/Discover/Discover-11.2_Large.jpg
https://www.fxstreet.com/cryptocurrencies/news/bitcoin-search-interest-nears-1-year-lows-as-btc-price-slips-below-55k-202110131158,https://editorial.fxstreet.com/images/Resources/Discover/Discover-11.2_Large.jpg
https://www.fxstreet.com/cryptocurrencies/news/bitcoin-goes-through-supply-shock-while-analyst-forecasts-200-000-btc-202110060931,https://editorial.fxstreet.com/images/Resources/Discover/Discover-11.2_Large.jpg
https://www.fxstreet.com/cryptocurrencies/news/bitcoin-goes-through-supply-shock-while-analyst-forecasts-200-000-btc-202110060931,https://editorial.fxstreet.com/images/Resources/Discover/Discover-11.2_Large.jpg
https://www.fxstreet.com/cryptocurrencies/news/bitcoin-bulls-on-the-front-foot-eyeing-53-350-202110051401,https://editorial.fxstreet.com/images/Resources/Discover/Discover-11.2_Large.jpg
https://www.fxstreet.com/cryptocurrencies/news/bitcoin-bulls-on-the-front-foot-eyeing-53-350-202110051401,https://editorial.fxstreet.com/images/Resources/Discover/Discover-11.2_Large.jpg
https://www.fxstreet.com/cryptocurrencies/news/bitcoin-positions-for-bullish-breakout-as-the-road-to-70-000-becomes-more-clear-202110042032,https://editorial.fxstreet.com/images/Resources/Discover/Discover-11.2_Large.jpg
https://www.fxstreet.com/cryptocurrencies/news/bitcoin-positions-for-bullish-breakout-as-the-road-to-70-000-becomes-more-clear-202110042032,https://editorial.fxstreet.com/images/Resources/Discover/Discover-11.2_Large.jpg
https://www.fxstreet.com/cryptocurrencies/news/btc-bull-run-has-at-least-6-months-to-go-five-things-to-watch-in-bitcoin-this-week-202110041055,https://editorial.fxstreet.com/images/Resources/Discover/Discover-11.2_Large.jpg
https://www.fxstreet.com/cryptocurrencies/news/btc-bull-run-has-at-least-6-months-to-go-five-things-to-watch-in-bitcoin-this-week-202110041055,https://editorial.fxstreet.com/images/Resources/Discover/Discover-11.2_Large.jpg
https://www.fxstreet.com/cryptocurrencies/news/bitcoin-declines-from-48k-resistance-support-at-45k-202110041206,https://editorial.fxstreet.com/images/Resources/Discover/Discover-11.2_Large.jpg
https://www.fxstreet.com/cryptocurrencies/news/bitcoin-declines-from-48k-resistance-support-at-45k-202110041206,https://editorial.fxstreet.com/images/Resources/Discover/Discover-11.2_Large.jpg
https://www.fxstreet.com/cryptocurrencies/news/bitcoin-steady-around-48k-as-omg-token-hits-3-year-high-202110041255,https://editorial.fxstreet.com/images/Resources/Discover/Discover-11.2_Large.jpg
https://www.fxstreet.com/cryptocurrencies/news/bitcoin-steady-around-48k-as-omg-token-hits-3-year-high-202110041255,https://editorial.fxstreet.com/images/Resources/Discover/Discover-11.2_Large.jpg
https://www.fxstreet.com/cryptocurrencies/news/bitcoin-challenging-50k-but-momentum-stalling-video-202110050721,https://editorial.fxstreet.com/images/Resources/Discover/Discover-11.2_Large.jpg
https://www.fxstreet.com/cryptocurrencies/news/bitcoin-challenging-50k-but-momentum-stalling-video-202110050721,https://editorial.fxstreet.com/images/Resources/Discover/Discover-11.2_Large.jpg
https://www.fxstreet.com/cryptocurrencies/news/bitcoin-beats-stocks-commodities-to-become-best-performing-asset-of-2021-202110051115,https://editorial.fxstreet.com/images/Resources/Discover/Discover-11.2_Large.jpg
https://www.fxstreet.com/cryptocurrencies/news/bitcoin-beats-stocks-commodities-to-become-best-performing-asset-of-2021-202110051115,https://editorial.fxstreet.com/images/Resources/Discover/Discover-11.2_Large.jpg
https://www.fxstreet.com/cryptocurrencies/news/us-bank-launches-crypto-custody-service-accelerating-institutional-adoption-202110051503,https://editorial.fxstreet.com/images/Resources/Discover/Discover-11.2_Large.jpg
https://www.fxstreet.com/cryptocurrencies/news/us-bank-launches-crypto-custody-service-accelerating-institutional-adoption-202110051503,https://editorial.fxstreet.com/images/Resources/Discover/Discover-11.2_Large.jpg
https://www.fxstreet.com/cryptocurrencies/news/bank-of-america-offers-bullish-outlook-for-defi-and-nfts-202110050743,https://editorial.fxstreet.com/images/Resources/Discover/Discover-11.2_Large.jpg
https://www.fxstreet.com/cryptocurrencies/news/bank-of-america-offers-bullish-outlook-for-defi-and-nfts-202110050743,https://editorial.fxstreet.com/images/Resources/Discover/Discover-11.2_Large.jpg
https://www.fxstreet.com/cryptocurrencies/news/huobi-confirms-that-there-will-be-no-homecoming-for-cryptocurrency-exchanges-leaving-china-202110051344,https://editorial.fxstreet.com/images/Resources/Discover/Discover-11.2_Large.jpg
https://www.fxstreet.com/cryptocurrencies/news/huobi-confirms-that-there-will-be-no-homecoming-for-cryptocurrency-exchanges-leaving-china-202110051344,https://editorial.fxstreet.com/images/Resources/Discover/Discover-11.2_Large.jpg
https://www.fxstreet.com/cryptocurrencies/news/analysts-expect-bitcoin-to-become-21st-century-gold-as-btc-gears-up-for-explosive-q4-202109290946,https://editorial.fxstreet.com/images/Resources/Discover/Discover-11.2_Large.jpg
https://www.fxstreet.com/cryptocurrencies/news/analysts-expect-bitcoin-to-become-21st-century-gold-as-btc-gears-up-for-explosive-q4-202109290946,https://editorial.fxstreet.com/images/Resources/Discover/Discover-11.2_Large.jpg
https://www.fxstreet.com/cryptocurrencies/news/bitcoin-price-prediction-btc-at-risk-of-crashing-to-35-000-202109281851,https://editorial.fxstreet.com/images/Resources/Discover/Discover-11.2_Large.jpg
https://www.fxstreet.com/cryptocurrencies/news/bitcoin-price-prediction-btc-at-risk-of-crashing-to-35-000-202109281851,https://editorial.fxstreet.com/images/Resources/Discover/Discover-11.2_Large.jpg
https://www.fxstreet.com/cryptocurrencies/news/bitcoin-bulls-get-overconfident-but-btc-faces-strong-resistance-202109151650,https://editorial.fxstreet.com/images/Resources/Discover/Discover-11.2_Large.jpg
https://www.fxstreet.com/cryptocurrencies/news/bitcoin-bulls-get-overconfident-but-btc-faces-strong-resistance-202109151650,https://editorial.fxstreet.com/images/Resources/Discover/Discover-11.2_Large.jpg
https://www.fxstreet.com/cryptocurrencies/news/bitwise-joins-hunt-for-bitcoin-etf-approval-with-futures-product-filing-202109150928,https://editorial.fxstreet.com/images/Resources/Discover/Discover-11.2_Large.jpg
https://www.fxstreet.com/cryptocurrencies/news/bitwise-joins-hunt-for-bitcoin-etf-approval-with-futures-product-filing-202109150928,https://editorial.fxstreet.com/images/Resources/Discover/Discover-11.2_Large.jpg
https://www.fxstreet.com/cryptocurrencies/news/bitcoin-and-defi-coins-rally-ethereum-alternatives-drop-as-solanas-outage-triggers-sector-rotation-202109151048,https://editorial.fxstreet.com/images/Resources/Discover/Discover-11.2_Large.jpg
https://www.fxstreet.com/cryptocurrencies/news/bitcoin-and-defi-coins-rally-ethereum-alternatives-drop-as-solanas-outage-triggers-sector-rotation-202109151048,https://editorial.fxstreet.com/images/Resources/Discover/Discover-11.2_Large.jpg
https://www.fxstreet.com/cryptocurrencies/news/bitcoin-in-recovery-mode-resistance-at-48k-50k-202109151318,https://editorial.fxstreet.com/images/Resources/Discover/Discover-11.2_Large.jpg
https://www.fxstreet.com/cryptocurrencies/news/bitcoin-in-recovery-mode-resistance-at-48k-50k-202109151318,https://editorial.fxstreet.com/images/Resources/Discover/Discover-11.2_Large.jpg
https://www.fxstreet.com/cryptocurrencies/news/bitcoin-sees-quite-healthy-consolidation-on-200m-btc-options-expiry-day-202109171337,https://editorial.fxstreet.com/images/Resources/Discover/Discover-11.2_Large.jpg
https://www.fxstreet.com/cryptocurrencies/news/bitcoin-sees-quite-healthy-consolidation-on-200m-btc-options-expiry-day-202109171337,https://editorial.fxstreet.com/images/Resources/Discover/Discover-11.2_Large.jpg
https://www.fxstreet.com/cryptocurrencies/news/bitcoin-bulls-continue-to-get-slaughtered-40k-btc-in-sight-202109201656,https://editorial.fxstreet.com/images/Resources/Discover/Discover-11.2_Large.jpg
https://www.fxstreet.com/cryptocurrencies/news/bitcoin-bulls-continue-to-get-slaughtered-40k-btc-in-sight-202109201656,https://editorial.fxstreet.com/images/Resources/Discover/Discover-11.2_Large.jpg
https://www.fxstreet.com/cryptocurrencies/news/bitcoin-consolidates-above-45k-support-resistance-at-50k-202109171158,https://editorial.fxstreet.com/images/Resources/Discover/Discover-11.2_Large.jpg
https://www.fxstreet.com/cryptocurrencies/news/bitcoin-consolidates-above-45k-support-resistance-at-50k-202109171158,https://editorial.fxstreet.com/images/Resources/Discover/Discover-11.2_Large.jpg
https://www.fxstreet.com/cryptocurrencies/news/bitcoin-weekly-forecast-btc-must-hold-45k-to-target-new-all-time-highs-202109170909,https://editorial.fxstreet.com/images/Resources/Discover/Discover-11.2_Large.jpg
https://www.fxstreet.com/cryptocurrencies/news/bitcoin-weekly-forecast-btc-must-hold-45k-to-target-new-all-time-highs-202109170909,https://editorial.fxstreet.com/images/Resources/Discover/Discover-11.2_Large.jpg
https://www.fxstreet.com/cryptocurrencies/news/bitcoin-pulls-back-ahead-of-50k-resistance-support-at-46k-202109161305,https://editorial.fxstreet.com/images/Resources/Discover/Discover-11.2_Large.jpg
https://www.fxstreet.com/cryptocurrencies/news/bitcoin-pulls-back-ahead-of-50k-resistance-support-at-46k-202109161305,https://editorial.fxstreet.com/images/Resources/Discover/Discover-11.2_Large.jpg
https://www.fxstreet.com/cryptocurrencies/news/bitcoin-technical-analysis-elliott-wave-forecast-trading-202109170115,https://editorial.fxstreet.com/images/Resources/Discover/Discover-11.2_Large.jpg
https://www.fxstreet.com/cryptocurrencies/news/bitcoin-technical-analysis-elliott-wave-forecast-trading-202109170115,https://editorial.fxstreet.com/images/Resources/Discover/Discover-11.2_Large.jpg
https://www.fxstreet.com/cryptocurrencies/news/morgan-stanley-owns-significant-stake-in-grayscale-bitcoin-trust-as-revealed-by-sec-filing-202106290244,https://editorial.fxstreet.com/images/Resources/Discover/Discover-11.2_Large.jpg
https://www.fxstreet.com/cryptocurrencies/news/morgan-stanley-owns-significant-stake-in-grayscale-bitcoin-trust-as-revealed-by-sec-filing-202106290244,https://editorial.fxstreet.com/images/Resources/Discover/Discover-11.2_Large.jpg
https://www.fxstreet.com/cryptocurrencies/news/grayscale-unlockings-poses-downside-risk-to-bitcoin-price-jpmorgan-says-202106241104,https://editorial.fxstreet.com/images/Resources/Discover/Discover-11.2_Large.jpg
https://www.fxstreet.com/cryptocurrencies/news/grayscale-unlockings-poses-downside-risk-to-bitcoin-price-jpmorgan-says-202106241104,https://editorial.fxstreet.com/images/Resources/Discover/Discover-11.2_Large.jpg
https://www.fxstreet.com/cryptocurrencies/news/digital-euro-could-deplete-bank-deposits-by-8-morgan-stanley-says-202106160840,https://editorial.fxstreet.com/images/Resources/Discover/Discover-11.2_Large.jpg
https://www.fxstreet.com/cryptocurrencies/news/digital-euro-could-deplete-bank-deposits-by-8-morgan-stanley-says-202106160840,https://editorial.fxstreet.com/images/Resources/Discover/Discover-11.2_Large.jpg
https://www.fxstreet.com/cryptocurrencies/news/morgan-stanley-to-acquire-koreas-largest-crypto-exchange-bithumb-202103191117,https://editorial.fxstreet.com/images/Resources/Discover/Discover-11.2_Large.jpg
https://www.fxstreet.com/cryptocurrencies/news/morgan-stanley-to-acquire-koreas-largest-crypto-exchange-bithumb-202103191117,https://editorial.fxstreet.com/images/Resources/Discover/Discover-11.2_Large.jpg
https://www.fxstreet.com/cryptocurrencies/news/morgan-stanley-inadvertently-buys-into-the-bitcoin-craze-202101091605,https://editorial.fxstreet.com/images/Resources/Discover/Discover-11.2_Large.jpg
https://www.fxstreet.com/cryptocurrencies/news/morgan-stanley-inadvertently-buys-into-the-bitcoin-craze-202101091605,https://editorial.fxstreet.com/images/Resources/Discover/Discover-11.2_Large.jpg
https://www.fxstreet.com/author/nenad-kerkez,https://editorial.azureedge.net/miscelaneous/ForexBestAwards_2017_bestvideopodcast_Large.png
https://www.fxstreet.com/author/sam-seiden,https://editorial.azureedge.net/miscelaneous/ForexBestAwards_2017_bestspeaker_Large.png
https://www.fxstreet.com/author/sam-seiden , https://editorial.azureedge.net/miscelaneous/ForexBestAwards_2017_besteducationalarticle_Large.png
